{"cameraMode":{"drawMode":0,"name":"Shaded","section":"Shading Mode"},"sceneLighting":true,"audioPlay":false,"sceneViewState":{"m_AlwaysRefresh":false,"showFog":true,"showSkybox":true,"showFlares":true,"showImageEffects":true,"showParticleSystems":true,"showVisualEffectGraphs":true,"m_FxEnabled":true},"in2DMode":false,"pivot":{"x":0.6108667850494385,"y":-0.8884744644165039,"z":0.11184883117675781},"rotation":{"x":-0.0045362007804214958,"y":0.9786553382873535,"z":-0.20430947840213777,"w":-0.021728746592998506},"size":17.68271827697754,"orthographic":false}