{"cameraMode":{"drawMode":0,"name":"Shaded","section":"Shading Mode"},"sceneLighting":false,"audioPlay":false,"sceneViewState":{"m_AlwaysRefresh":false,"showFog":true,"showSkybox":false,"showFlares":true,"showImageEffects":true,"showParticleSystems":true,"showVisualEffectGraphs":true,"m_FxEnabled":true},"in2DMode":false,"pivot":{"x":1.0399999618530274,"y":0.01824021339416504,"z":-0.18163108825683595},"rotation":{"x":-0.0045362007804214958,"y":0.9786553382873535,"z":-0.20430947840213777,"w":-0.021728746592998506},"size":0.7141428589820862,"orthographic":false}